symphony,movement,beethoven_file,liszt_file,beethoven_source,liszt_source,beethoven_format,liszt_format,beethoven_downloaded,liszt_downloaded,beethoven_validated,liszt_validated,aligned,notes
1,1,"data/beethoven/symphony_01/movement_01/Beethoven_Op.21_1.mxl","","https://github.com/MarkGotham/Hauptstimme/blob/main/data/Beethoven,_Ludwig_van/Symphony_No.1,_Op.21/1/Beethoven_Op.21_1.mxl","","MXL","",yes,no,no,no,no,"Beethoven file imported; authoritative-score validation pending."
1,2,"data/beethoven/symphony_01/movement_02/Beethoven_Op.21_2.mxl","","https://github.com/MarkGotham/Hauptstimme/blob/main/data/Beethoven,_Ludwig_van/Symphony_No.1,_Op.21/2/Beethoven_Op.21_2.mxl","","MXL","",yes,no,no,no,no,"Beethoven file imported; authoritative-score validation pending."
1,3,"data/beethoven/symphony_01/movement_03/Beethoven_Op.21_3.mxl","","https://github.com/MarkGotham/Hauptstimme/blob/main/data/Beethoven,_Ludwig_van/Symphony_No.1,_Op.21/3/Beethoven_Op.21_3.mxl","","MXL","",yes,no,no,no,no,"Beethoven file imported; authoritative-score validation pending."
1,4,"data/beethoven/symphony_01/movement_04/Beethoven_Op.21_4.mxl","","https://github.com/MarkGotham/Hauptstimme/blob/main/data/Beethoven,_Ludwig_van/Symphony_No.1,_Op.21/4/Beethoven_Op.21_4.mxl","","MXL","",yes,no,no,no,no,"Beethoven file imported; authoritative-score validation pending."
2,1,"data/beethoven/symphony_02/movement_01/Beethoven_Op.36_1.mxl","","https://github.com/MarkGotham/Hauptstimme/blob/main/data/Beethoven,_Ludwig_van/Symphony_No.2,_Op.36/1/Beethoven_Op.36_1.mxl","","MXL","",yes,no,no,no,no,"Beethoven file imported; authoritative-score validation pending."
2,2,"data/beethoven/symphony_02/movement_02/Beethoven_Op.36_2.mxl","","https://github.com/MarkGotham/Hauptstimme/blob/main/data/Beethoven,_Ludwig_van/Symphony_No.2,_Op.36/2/Beethoven_Op.36_2.mxl","","MXL","",yes,no,no,no,no,"Beethoven file imported; authoritative-score validation pending."
2,3,"data/beethoven/symphony_02/movement_03/Beethoven_Op.36_3.mxl","","https://github.com/MarkGotham/Hauptstimme/blob/main/data/Beethoven,_Ludwig_van/Symphony_No.2,_Op.36/3/Beethoven_Op.36_3.mxl","","MXL","",yes,no,no,no,no,"Beethoven file imported; authoritative-score validation pending."
2,4,"data/beethoven/symphony_02/movement_04/Beethoven_Op.36_4.mxl","","https://github.com/MarkGotham/Hauptstimme/blob/main/data/Beethoven,_Ludwig_van/Symphony_No.2,_Op.36/4/Beethoven_Op.36_4.mxl","","MXL","",yes,no,no,no,no,"Beethoven file imported; authoritative-score validation pending."
3,1,"data/beethoven/symphony_03/movement_01/Beethoven_Op.55_1.mxl","","https://github.com/MarkGotham/Hauptstimme/blob/main/data/Beethoven,_Ludwig_van/Symphony_No.3,_Op.55/1/Beethoven_Op.55_1.mxl","","MXL","",yes,no,no,no,no,"Beethoven file imported; authoritative-score validation pending."
3,2,"data/beethoven/symphony_03/movement_02/Beethoven_Op.55_2.mxl","","https://github.com/MarkGotham/Hauptstimme/blob/main/data/Beethoven,_Ludwig_van/Symphony_No.3,_Op.55/2/Beethoven_Op.55_2.mxl","","MXL","",yes,no,no,no,no,"Beethoven file imported; authoritative-score validation pending."
3,3,"data/beethoven/symphony_03/movement_03/Beethoven_Op.55_3.mxl","","https://github.com/MarkGotham/Hauptstimme/blob/main/data/Beethoven,_Ludwig_van/Symphony_No.3,_Op.55/3/Beethoven_Op.55_3.mxl","","MXL","",yes,no,no,no,no,"Beethoven file imported; authoritative-score validation pending."
3,4,"data/beethoven/symphony_03/movement_04/Beethoven_Op.55_4.mxl","","https://github.com/MarkGotham/Hauptstimme/blob/main/data/Beethoven,_Ludwig_van/Symphony_No.3,_Op.55/4/Beethoven_Op.55_4.mxl","","MXL","",yes,no,no,no,no,"Beethoven file imported; authoritative-score validation pending."
4,1,"data/beethoven/symphony_04/movement_01/Beethoven_Op.60_1.mxl","","https://github.com/MarkGotham/Hauptstimme/blob/main/data/Beethoven,_Ludwig_van/Symphony_No.4,_Op.60/1/Beethoven_Op.60_1.mxl","","MXL","",yes,no,no,no,no,"Beethoven file imported; authoritative-score validation pending."
4,2,"data/beethoven/symphony_04/movement_02/Beethoven_Op.60_2.mxl","","https://github.com/MarkGotham/Hauptstimme/blob/main/data/Beethoven,_Ludwig_van/Symphony_No.4,_Op.60/2/Beethoven_Op.60_2.mxl","","MXL","",yes,no,no,no,no,"Beethoven file imported; authoritative-score validation pending."
4,3,"data/beethoven/symphony_04/movement_03/Beethoven_Op.60_3.mxl","","https://github.com/MarkGotham/Hauptstimme/blob/main/data/Beethoven,_Ludwig_van/Symphony_No.4,_Op.60/3/Beethoven_Op.60_3.mxl","","MXL","",yes,no,no,no,no,"Beethoven file imported; authoritative-score validation pending."
4,4,"data/beethoven/symphony_04/movement_04/Beethoven_Op.60_4.mxl","","https://github.com/MarkGotham/Hauptstimme/blob/main/data/Beethoven,_Ludwig_van/Symphony_No.4,_Op.60/4/Beethoven_Op.60_4.mxl","","MXL","",yes,no,no,no,no,"Beethoven file imported; authoritative-score validation pending."
5,1,"data/beethoven/symphony_05/movement_01/Beethoven_Op.67_1.mxl","","https://github.com/MarkGotham/Hauptstimme/blob/main/data/Beethoven,_Ludwig_van/Symphony_No.5,_Op.67/1/Beethoven_Op.67_1.mxl","https://musescore.com/bendrums/scores/5147763","MXL","MuseScore web score / symbolic candidate",yes,no,no,no,no,"Liszt S.464/5 candidate identified; symbolic file not yet imported or validated. See docs/liszt_s464_5_source_audit.md."
5,2,"data/beethoven/symphony_05/movement_02/Beethoven_Op.67_2.mxl","","https://github.com/MarkGotham/Hauptstimme/blob/main/data/Beethoven,_Ludwig_van/Symphony_No.5,_Op.67/2/Beethoven_Op.67_2.mxl","","MXL","",yes,no,no,no,no,"Beethoven file imported; authoritative-score validation pending."
5,3,"data/beethoven/symphony_05/movement_03/Beethoven_Op.67_3.mxl","","https://github.com/MarkGotham/Hauptstimme/blob/main/data/Beethoven,_Ludwig_van/Symphony_No.5,_Op.67/3/Beethoven_Op.67_3.mxl","","MXL","",yes,no,no,no,no,"Beethoven file imported; authoritative-score validation pending."
5,4,"data/beethoven/symphony_05/movement_04/Beethoven_Op.67_4.mxl","","https://github.com/MarkGotham/Hauptstimme/blob/main/data/Beethoven,_Ludwig_van/Symphony_No.5,_Op.67/4/Beethoven_Op.67_4.mxl","","MXL","",yes,no,no,no,no,"Beethoven file imported; authoritative-score validation pending."
6,1,"data/beethoven/symphony_06/movement_01/Beethoven_Op.68_1.mxl","","https://github.com/MarkGotham/Hauptstimme/blob/main/data/Beethoven,_Ludwig_van/Symphony_No.6,_Op.68/1/Beethoven_Op.68_1.mxl","","MXL","",yes,no,no,no,no,"Beethoven file imported; authoritative-score validation pending."
6,2,"data/beethoven/symphony_06/movement_02/Beethoven_Op.68_2.mxl","","https://github.com/MarkGotham/Hauptstimme/blob/main/data/Beethoven,_Ludwig_van/Symphony_No.6,_Op.68/2/Beethoven_Op.68_2.mxl","","MXL","",yes,no,no,no,no,"Beethoven file imported; authoritative-score validation pending."
6,3,"data/beethoven/symphony_06/movement_03/Beethoven_Op.68_3.mxl","","https://github.com/MarkGotham/Hauptstimme/blob/main/data/Beethoven,_Ludwig_van/Symphony_No.6,_Op.68/3/Beethoven_Op.68_3.mxl","","MXL","",yes,no,no,no,no,"Beethoven file imported; authoritative-score validation pending."
6,4,"data/beethoven/symphony_06/movement_04/Beethoven_Op.68_4.mxl","","https://github.com/MarkGotham/Hauptstimme/blob/main/data/Beethoven,_Ludwig_van/Symphony_No.6,_Op.68/4/Beethoven_Op.68_4.mxl","","MXL","",yes,no,no,no,no,"Beethoven file imported; authoritative-score validation pending."
6,5,"data/beethoven/symphony_06/movement_05/Beethoven_Op.68_5.mxl","","https://github.com/MarkGotham/Hauptstimme/blob/main/data/Beethoven,_Ludwig_van/Symphony_No.6,_Op.68/5/Beethoven_Op.68_5.mxl","","MXL","",yes,no,no,no,no,"Beethoven file imported; authoritative-score validation pending."
7,1,"data/beethoven/symphony_07/movement_01/Beethoven_Op.92_1.mxl","","https://github.com/MarkGotham/Hauptstimme/blob/main/data/Beethoven,_Ludwig_van/Symphony_No.7,_Op.92/1/Beethoven_Op.92_1.mxl","","MXL","",yes,no,no,no,no,"Beethoven file imported; authoritative-score validation pending."
7,2,"data/beethoven/symphony_07/movement_02/Beethoven_Op.92_2.mxl","","https://github.com/MarkGotham/Hauptstimme/blob/main/data/Beethoven,_Ludwig_van/Symphony_No.7,_Op.92/2/Beethoven_Op.92_2.mxl","","MXL","",yes,no,no,no,no,"Beethoven file imported; authoritative-score validation pending."
7,3,"data/beethoven/symphony_07/movement_03/Beethoven_Op.92_3.mxl","","https://github.com/MarkGotham/Hauptstimme/blob/main/data/Beethoven,_Ludwig_van/Symphony_No.7,_Op.92/3/Beethoven_Op.92_3.mxl","","MXL","",yes,no,no,no,no,"Beethoven file imported; authoritative-score validation pending."
7,4,"data/beethoven/symphony_07/movement_04/Beethoven_Op.92_4.mxl","","https://github.com/MarkGotham/Hauptstimme/blob/main/data/Beethoven,_Ludwig_van/Symphony_No.7,_Op.92/4/Beethoven_Op.92_4.mxl","","MXL","",yes,no,no,no,no,"Beethoven file imported; authoritative-score validation pending."
8,1,"data/beethoven/symphony_08/movement_01/Beethoven_Op.93_1.mxl","","https://github.com/MarkGotham/Hauptstimme/blob/main/data/Beethoven,_Ludwig_van/Symphony_No.8,_Op.93/1/Beethoven_Op.93_1.mxl","","MXL","",yes,no,no,no,no,"Beethoven file imported; authoritative-score validation pending."
8,2,"data/beethoven/symphony_08/movement_02/Beethoven_Op.93_2.mxl","","https://github.com/MarkGotham/Hauptstimme/blob/main/data/Beethoven,_Ludwig_van/Symphony_No.8,_Op.93/2/Beethoven_Op.93_2.mxl","","MXL","",yes,no,no,no,no,"Beethoven file imported; authoritative-score validation pending."
8,3,"data/beethoven/symphony_08/movement_03/Beethoven_Op.93_3.mxl","","https://github.com/MarkGotham/Hauptstimme/blob/main/data/Beethoven,_Ludwig_van/Symphony_No.8,_Op.93/3/Beethoven_Op.93_3.mxl","","MXL","",yes,no,no,no,no,"Beethoven file imported; authoritative-score validation pending."
8,4,"data/beethoven/symphony_08/movement_04/Beethoven_Op.93_4.mxl","","https://github.com/MarkGotham/Hauptstimme/blob/main/data/Beethoven,_Ludwig_van/Symphony_No.8,_Op.93/4/Beethoven_Op.93_4.mxl","","MXL","",yes,no,no,no,no,"Beethoven file imported; authoritative-score validation pending."
9,1,"data/beethoven/symphony_09/movement_01/Beethoven_Op.125_1.mxl","","https://github.com/MarkGotham/Hauptstimme/blob/main/data/Beethoven,_Ludwig_van/Symphony_No.9,_Op.125/1/Beethoven_Op.125_1.mxl","","MXL","",yes,no,no,no,no,"Beethoven file imported; authoritative-score validation pending."
9,2,"data/beethoven/symphony_09/movement_02/Beethoven_Op.125_2.mxl","","https://github.com/MarkGotham/Hauptstimme/blob/main/data/Beethoven,_Ludwig_van/Symphony_No.9,_Op.125/2/Beethoven_Op.125_2.mxl","","MXL","",yes,no,no,no,no,"Beethoven file imported; authoritative-score validation pending."
9,3,"data/beethoven/symphony_09/movement_03/Beethoven_Op.125_3.mxl","","https://github.com/MarkGotham/Hauptstimme/blob/main/data/Beethoven,_Ludwig_van/Symphony_No.9,_Op.125/3/Beethoven_Op.125_3.mxl","","MXL","",yes,no,no,no,no,"Beethoven file imported; authoritative-score validation pending."
9,4,"data/beethoven/symphony_09/movement_04/Beethoven_Op.125_4.mxl","","https://github.com/MarkGotham/Hauptstimme/blob/main/data/Beethoven,_Ludwig_van/Symphony_No.9,_Op.125/4/Beethoven_Op.125_4.mxl","","MXL","",yes,no,no,no,no,"Beethoven file imported; authoritative-score validation pending."
